Src IP,Timestamp,Mean_Packet_Size,Packet_Size_Variance,Mean_IAT,Port_Diversity,IP_Entropy,Label,Mean_RSSI,RSSI_Variance,JA3_Diversity
Node A,2025-11-11 09:23:23.974254,0,0,0,0,0,0,-58.48,62.76959999999999,0
Node A,2025-11-11 09:28:23.974254,0,0,0,0,0,0,-58.38,72.9156,0
Node A,2025-11-11 09:33:23.974254,0,0,0,0,0,0,-58.18,55.907599999999995,0
Node A,2025-11-11 09:38:23.974254,0,0,0,0,0,0,-58.44,58.686400000000006,0
Node A,2025-11-11 09:43:23.974254,0,0,0,0,0,0,-56.3,55.81000000000001,0
Node A,2025-11-11 09:48:23.974254,0,0,0,0,0,0,-54.8,45.08,0
Node A,2025-11-11 09:53:23.974254,0,0,0,0,0,0,-62.16,60.6144,0
Node A,2025-11-11 09:58:23.974254,0,0,0,0,0,0,-63.3,48.69,0
Node A,2025-11-11 10:03:23.974254,0,0,0,0,0,0,-69.44,56.6464,0
Node A,2025-11-11 10:08:23.974254,0,0,0,0,0,0,-72.06,52.1364,0
Node A,2025-11-11 10:13:23.974254,0,0,0,0,0,0,-69.22,44.0516,0
Node A,2025-11-11 10:18:23.974254,0,0,0,0,0,0,-70.12,51.58559999999999,0
Node A,2025-11-11 10:23:23.974254,0,0,0,0,0,0,-75.0,91.24,0
Node A,2025-11-11 10:28:23.974254,0,0,0,0,0,0,-76.0,172.08,0
Node A,2025-11-11 10:33:23.974254,0,0,0,0,0,0,-77.54,44.9684,0
Node A,2025-11-11 10:38:23.974254,0,0,0,0,0,0,-78.22,47.57160000000001,0
Node A,2025-11-11 10:43:23.974254,0,0,0,0,0,0,-71.38,50.875600000000006,0
Node A,2025-11-11 10:48:23.974254,0,0,0,0,0,0,-70.32,46.0176,0
Node A,2025-11-11 10:53:23.974254,0,0,0,0,0,0,-36.22,432.05159999999995,0
Node A,2025-11-11 10:58:23.974254,0,0,0,0,0,0,-24.14,0.12040000000000001,0
Node A,2025-11-11 11:03:23.974254,0,0,0,0,0,0,-24.68,0.49760000000000004,0
Node A,2025-11-11 11:08:23.974254,0,0,0,0,0,0,-25.22,0.17160000000000003,0
Node A,2025-11-11 11:13:23.974254,0,0,0,0,0,0,-24.74,0.23239999999999994,0
Node A,2025-11-11 11:18:23.974254,0,0,0,0,0,0,-24.16,0.13440000000000002,0
Node A,2025-11-11 11:23:23.974254,0,0,0,0,0,0,-25.2,1.08,0
Node A,2025-11-11 11:28:23.974254,0,0,0,0,0,0,-26.68,0.2176,0
Node A,2025-11-11 11:33:23.974254,0,0,0,0,0,0,-27.64,2.830400000000001,0
Node A,2025-11-11 11:38:23.974254,0,0,0,0,0,0,-30.5,0.29,0
Node A,2025-11-11 11:43:23.974254,0,0,0,0,0,0,-30.44,0.6064,0
Node A,2025-11-11 11:48:23.974254,0,0,0,0,0,0,-32.14,0.1604,0
Node A,2025-11-11 11:53:23.974254,0,0,0,0,0,0,-32.22,1.1716000000000002,0
Node A,2025-11-11 11:58:23.974254,0,0,0,0,0,0,-36.88,0.18560000000000001,0
Node A,2025-11-11 12:03:23.974254,0,0,0,0,0,0,-37.2,0.2,0
Node A,2025-11-11 12:08:23.974254,0,0,0,0,0,0,-36.26,0.43239999999999995,0
Node A,2025-11-11 12:13:23.974254,0,0,0,0,0,0,-36.68,0.2176,0
Node A,2025-11-11 12:18:23.974254,0,0,0,0,0,0,-33.6,3.24,0
Node A,2025-11-11 12:23:23.974254,0,0,0,0,0,0,-32.48,0.44959999999999994,0
Node A,2025-11-11 12:28:23.974254,0,0,0,0,0,0,-40.84,45.25439999999999,0
Node A,2025-11-11 12:33:23.974254,0,0,0,0,0,0,-45.08,2.1935999999999996,0
Node A,2025-11-11 12:38:23.974254,0,0,0,0,0,0,-43.04,4.7984,0
Node A,2025-11-11 12:43:23.974254,0,0,0,0,0,0,-41.64,1.4303999999999997,0
Node A,2025-11-11 12:48:23.974254,0,0,0,0,0,0,-46.98,39.2596,0
Node A,2025-11-11 12:53:23.974254,0,0,0,0,0,0,-53.4,2.64,0
Node A,2025-11-11 12:58:23.974254,0,0,0,0,0,0,-52.76,5.5824,0
Node A,2025-11-11 13:03:23.974254,0,0,0,0,0,0,-50.26,1.7123999999999997,0
Node A,2025-11-11 13:08:23.974254,0,0,0,0,0,0,-50.92,1.4335999999999998,0
Node A,2025-11-11 13:13:23.974254,0,0,0,0,0,0,-49.46,2.8484,0
Node A,2025-11-11 13:18:23.974254,0,0,0,0,0,0,-49.16,2.4143999999999997,0
Node A,2025-11-11 13:23:23.974254,0,0,0,0,0,0,-55.68,1.3376000000000001,0
Node A,2025-11-11 13:28:23.974254,0,0,0,0,0,0,-55.1,1.8500000000000003,0
Node A,2025-11-11 13:33:23.974254,0,0,0,0,0,0,-48.9,5.77,0
Node A,2025-11-11 13:38:23.974254,0,0,0,0,0,0,-47.6,1.68,0
Node A,2025-11-11 13:43:23.974254,0,0,0,0,0,0,-51.52,13.2096,0
Node A,2025-11-11 13:48:23.974254,0,0,0,0,0,0,-52.58,0.4836,0
Node A,2025-11-11 13:53:23.974254,0,0,0,0,0,0,-56.56,10.646399999999998,0
Node A,2025-11-11 13:58:23.974254,0,0,0,0,0,0,-57.26,1.6723999999999999,0
Node A,2025-11-11 14:03:23.974254,0,0,0,0,0,0,-54.84,12.4544,0
Node A,2025-11-11 14:08:23.974254,0,0,0,0,0,0,-49.12,0.7056000000000004,0
Node A,2025-11-11 14:13:23.974254,0,0,0,0,0,0,-49.86,1.0404,0
Node A,2025-11-11 14:18:23.974254,0,0,0,0,0,0,-51.0,0.0,0
Node A,2025-11-11 14:23:23.974254,0,0,0,0,0,0,-52.76,7.3824000000000005,0
Node A,2025-11-11 14:28:23.974254,0,0,0,0,0,0,-56.98,0.019600000000000003,0
Node A,2025-11-11 14:33:23.974254,0,0,0,0,0,0,-55.84,6.3344,0
Node A,2025-11-11 14:38:23.974254,0,0,0,0,0,0,-52.0,0.0,0
Node A,2025-11-11 14:43:23.974254,0,0,0,0,0,0,-52.2,0.96,0
Node A,2025-11-11 14:48:23.974254,0,0,0,0,0,0,-56.66,0.2644,0
Node A,2025-11-11 14:53:23.974254,0,0,0,0,0,0,-56.1,0.12999999999999998,0
Node A,2025-11-11 14:58:23.974254,0,0,0,0,0,0,-59.9,2.29,0
Node A,2025-11-11 15:03:23.974254,0,0,0,0,0,0,-60.6,0.23999999999999996,0
Node A,2025-11-11 15:08:23.974254,0,0,0,0,0,0,-59.18,0.7076000000000002,0
Node A,2025-11-11 15:13:23.974254,0,0,0,0,0,0,-59.1,1.29,0
Node A,2025-11-11 15:18:23.974254,0,0,0,0,0,0,-58.36,7.150399999999999,0
Node A,2025-11-11 15:23:23.974254,0,0,0,0,0,0,-53.94,0.056400000000000006,0
Node A,2025-11-11 15:28:23.974254,0,0,0,0,0,0,-55.12,16.7856,0
Node A,2025-11-11 15:33:23.974254,0,0,0,0,0,0,-65.86,16.8004,0
Node A,2025-11-11 15:38:23.974254,0,0,0,0,0,0,-66.6,0.76,0
Node A,2025-11-11 15:43:23.974254,0,0,0,0,0,0,-53.66,63.66440000000001,0
Node A,2025-11-11 15:48:23.974254,0,0,0,0,0,0,-52.3,56.80999999999999,0
Node A,2025-11-11 15:53:23.974254,0,0,0,0,0,0,-56.94,61.6964,0
Node A,2025-11-11 15:58:23.974254,0,0,0,0,0,0,-57.92,63.0736,0
Node A,2025-11-11 16:03:23.974254,0,0,0,0,0,0,-66.52,101.44959999999999,0
Node A,2025-11-11 16:08:23.974254,0,0,0,0,0,0,-67.12,101.70560000000002,0
Node A,2025-11-11 16:13:23.974254,0,0,0,0,0,0,-77.42,110.92360000000001,0
Node A,2025-11-11 16:18:23.974254,0,0,0,0,0,0,-81.9,111.21000000000002,0
Node A,2025-11-11 16:23:23.974254,0,0,0,0,0,0,-69.16,87.29440000000001,0
Node A,2025-11-11 16:28:23.974254,0,0,0,0,0,0,-68.64,56.7504,0
Node A,2025-11-11 16:33:23.974254,0,0,0,0,0,0,-71.46,81.00840000000001,0
Node A,2025-11-11 16:38:23.974254,0,0,0,0,0,0,-71.16,57.13440000000001,0
Node A,2025-11-11 16:43:23.974254,0,0,0,0,0,0,-70.9,70.25000000000001,0
Node A,2025-11-11 16:48:23.974254,0,0,0,0,0,0,-72.82,70.22759999999998,0
Node A,2025-11-11 16:53:23.974254,0,0,0,0,0,0,-71.34,59.3844,0
Node A,2025-11-11 16:58:23.974254,0,0,0,0,0,0,-74.18,65.82759999999999,0
Node A,2025-11-11 17:03:23.974254,0,0,0,0,0,0,-74.12,40.625600000000006,0
Node A,2025-11-11 17:08:23.974254,0,0,0,0,0,0,-75.18,52.98759999999999,0
Node A,2025-11-11 17:13:23.974254,0,0,0,0,0,0,-43.22,635.6916,0
Node A,2025-11-11 17:18:23.974254,0,0,0,0,0,0,-23.82,0.1876,0
Node A,2025-11-11 17:23:23.974254,0,0,0,0,0,0,-24.8,1.4400000000000004,0
Node A,2025-11-11 17:28:23.974254,0,0,0,0,0,0,-25.96,0.0384,0
Node A,2025-11-11 17:33:23.974254,0,0,0,0,0,0,-25.34,0.8644,0
Node A,2025-11-11 17:38:23.974254,0,0,0,0,0,0,-24.12,0.10559999999999999,0
Node A,2025-11-11 17:43:23.974254,0,0,0,0,0,0,-24.76,1.3423999999999998,0
Node A,2025-11-11 17:48:23.974254,0,0,0,0,0,0,-26.84,0.13439999999999996,0
Node A,2025-11-11 17:53:23.974254,0,0,0,0,0,0,-27.26,5.032399999999999,0
Node A,2025-11-11 17:58:23.974254,0,0,0,0,0,0,-33.12,0.18560000000000001,0
Node A,2025-11-11 18:03:23.974254,0,0,0,0,0,0,-33.36,0.2304,0
Node A,2025-11-11 18:08:23.974254,0,0,0,0,0,0,-36.64,1.1904000000000001,0
Node A,2025-11-11 18:13:23.974254,0,0,0,0,0,0,-36.88,0.1456,0
Node A,2025-11-11 18:18:23.974254,0,0,0,0,0,0,-32.88,4.1056,0
Node A,2025-11-11 18:23:23.974254,0,0,0,0,0,0,-31.98,0.45959999999999995,0
Node A,2025-11-11 18:28:23.974254,0,0,0,0,0,0,-34.92,6.2336,0
Node A,2025-11-11 18:33:23.974254,0,0,0,0,0,0,-36.04,2.5584000000000002,0
Node A,2025-11-11 18:38:23.974254,0,0,0,0,0,0,-35.32,1.4976000000000003,0
Node A,2025-11-11 18:43:23.974254,0,0,0,0,0,0,-35.42,1.6036,0
Node A,2025-11-11 18:48:23.974254,0,0,0,0,0,0,-37.32,24.017599999999998,0
Node A,2025-11-11 18:53:23.974254,0,0,0,0,0,0,-43.08,1.8735999999999995,0
Node A,2025-11-11 18:58:23.974254,0,0,0,0,0,0,-43.2,2.24,0
Node A,2025-11-11 19:03:23.974254,0,0,0,0,0,0,-41.64,1.4704000000000002,0
Node A,2025-11-11 19:08:23.974254,0,0,0,0,0,0,-42.24,5.2624,0
Node A,2025-11-11 19:13:23.974254,0,0,0,0,0,0,-48.06,1.4564000000000004,0
Node A,2025-11-11 19:18:23.974254,0,0,0,0,0,0,-47.88,1.0656,0
Node A,2025-11-11 19:23:23.974254,0,0,0,0,0,0,-52.74,3.1124000000000005,0
Node A,2025-11-11 19:28:23.974254,0,0,0,0,0,0,-53.04,1.7983999999999998,0
Node A,2025-11-11 19:33:23.974254,0,0,0,0,0,0,-54.98,3.1796,0
Node A,2025-11-11 19:38:23.974254,0,0,0,0,0,0,-56.06,1.9364000000000003,0
Node A,2025-11-11 19:43:23.974254,0,0,0,0,0,0,-54.46,2.4884,0
Node A,2025-11-11 19:48:23.974254,0,0,0,0,0,0,-55.2,2.08,0
Node A,2025-11-11 19:53:23.974254,0,0,0,0,0,0,-55.06,1.8164000000000005,0
Node A,2025-11-11 19:58:23.974254,0,0,0,0,0,0,-54.44,1.6464000000000005,0
Node A,2025-11-11 20:03:23.974254,0,0,0,0,0,0,-54.96,2.1984,0
Node A,2025-11-11 20:08:23.974254,0,0,0,0,0,0,-58.02,2.8996000000000004,0
Node A,2025-11-11 20:13:23.974254,0,0,0,0,0,0,-58.16,3.3343999999999996,0
Node A,2025-11-11 20:18:23.974254,0,0,0,0,0,0,-56.86,0.9204000000000001,0
Node A,2025-11-11 20:23:23.974254,0,0,0,0,0,0,-54.5,41.29,0
Node A,2025-11-11 20:28:23.974254,0,0,0,0,0,0,-33.0,0.0,0
Node A,2025-11-11 20:33:23.974254,0,0,0,0,0,0,-33.0,0.0,0
Node A,2025-11-11 20:38:23.974254,0,0,0,0,0,0,-39.58,2.7635999999999994,0
Node A,2025-11-11 20:43:23.974254,0,0,0,0,0,0,-40.0,0.0,0
Node A,2025-11-11 20:48:23.974254,0,0,0,0,0,0,-39.16,0.17440000000000005,0
Node A,2025-11-11 20:53:23.974254,0,0,0,0,0,0,-38.98,0.019600000000000003,0
Node A,2025-11-11 20:58:23.974254,0,0,0,0,0,0,-53.86,104.00039999999998,0
Node A,2025-11-11 21:03:23.974254,0,0,0,0,0,0,-60.64,0.2304,0
Node A,2025-11-11 21:08:23.974254,0,0,0,0,0,0,-56.2,16.64,0
Node A,2025-11-11 21:13:23.974254,0,0,0,0,0,0,-49.48,0.24960000000000004,0
Node A,2025-11-11 21:18:23.974254,0,0,0,0,0,0,-52.66,18.3444,0
Node A,2025-11-11 21:23:23.974254,0,0,0,0,0,0,-58.18,0.22759999999999997,0
Node A,2025-11-11 21:28:23.974254,0,0,0,0,0,0,-60.34,5.4244,0
Node A,2025-11-11 21:33:23.974254,0,0,0,0,0,0,-61.82,0.4275999999999999,0
Node A,2025-11-11 21:38:23.974254,0,0,0,0,0,0,-61.9,1.25,0
Node A,2025-11-11 21:43:23.974254,0,0,0,0,0,0,-62.52,1.7296000000000005,0
Node A,2025-11-11 21:48:23.974254,0,0,0,0,0,0,-61.54,3.6483999999999996,0
Node A,2025-11-11 21:53:23.974254,0,0,0,0,0,0,-61.46,0.7684000000000001,0
Node C,2025-11-11 21:58:23.974254,0,0,0,0,0,0,-73.32,51.6976,0
Node C,2025-11-11 22:03:23.974254,0,0,0,0,0,0,-74.4,58.12,0
Node C,2025-11-11 22:08:23.974254,0,0,0,0,0,0,-60.66,62.264399999999995,0
Node C,2025-11-11 22:13:23.974254,0,0,0,0,0,0,-60.26,55.83240000000001,0
Node C,2025-11-11 22:18:23.974254,0,0,0,0,0,0,-68.86,134.4804,0
Node C,2025-11-11 22:23:23.974254,0,0,0,0,0,0,-68.98,115.81960000000002,0
Node C,2025-11-11 22:28:23.974254,0,0,0,0,0,0,-78.14,56.72040000000001,0
Node C,2025-11-11 22:33:23.974254,0,0,0,0,0,0,-81.5,74.37,0
Node C,2025-11-11 22:38:23.974254,0,0,0,0,0,0,-72.84,80.4944,0
Node C,2025-11-11 22:43:23.974254,0,0,0,0,0,0,-76.8,83.03999999999998,0
Node C,2025-11-11 22:48:23.974254,0,0,0,0,0,0,-70.54,63.7684,0
Node C,2025-11-11 22:53:23.974254,0,0,0,0,0,0,-68.54,58.48839999999999,0
Node C,2025-11-11 22:58:23.974254,0,0,0,0,0,0,-76.76,65.06240000000001,0
Node C,2025-11-11 23:03:23.974254,0,0,0,0,0,0,-76.82,60.78759999999999,0
Node C,2025-11-11 23:08:23.974254,0,0,0,0,0,0,-74.86,55.1604,0
Node C,2025-11-11 23:13:23.974254,0,0,0,0,0,0,-73.38,41.15559999999999,0
Node C,2025-11-11 23:18:23.974254,0,0,0,0,0,0,-77.8,55.28,0
Node C,2025-11-11 23:23:23.974254,0,0,0,0,0,0,-77.24,69.30239999999999,0
Node C,2025-11-11 23:28:23.974254,0,0,0,0,0,0,-40.22,416.17159999999996,0
Node C,2025-11-11 23:33:23.974254,0,0,0,0,0,0,-28.48,0.24960000000000002,0
Node C,2025-11-11 23:38:23.974254,0,0,0,0,0,0,-28.46,0.32839999999999997,0
Node C,2025-11-11 23:43:23.974254,0,0,0,0,0,0,-28.4,0.23999999999999996,0
Node C,2025-11-11 23:48:23.974254,0,0,0,0,0,0,-26.3,3.73,0
Node C,2025-11-11 23:53:23.974254,0,0,0,0,0,0,-24.24,0.18239999999999995,0
Node C,2025-11-11 23:58:23.974254,0,0,0,0,0,0,-30.14,69.2404,0
Node C,2025-11-12 00:03:23.974254,0,0,0,0,0,0,-37.34,1.1844,0
Node C,2025-11-12 00:08:23.974254,0,0,0,0,0,0,-35.88,2.7056,0
Node C,2025-11-12 00:13:23.974254,0,0,0,0,0,0,-33.34,0.22440000000000002,0
Node C,2025-11-12 00:18:23.974254,0,0,0,0,0,0,-33.58,1.3636,0
Node C,2025-11-12 00:23:23.974254,0,0,0,0,0,0,-37.34,0.2644,0
Node C,2025-11-12 00:28:23.974254,0,0,0,0,0,0,-37.08,0.2336,0
Node C,2025-11-12 00:33:23.974254,0,0,0,0,0,0,-38.22,1.6516,0
Node C,2025-11-12 00:38:23.974254,0,0,0,0,0,0,-38.0,0.0,0
Node C,2025-11-12 00:43:23.974254,0,0,0,0,0,0,-38.98,0.6596,0
Node C,2025-11-12 00:48:23.974254,0,0,0,0,0,0,-38.16,0.17440000000000005,0
Node C,2025-11-12 00:53:23.974254,0,0,0,0,0,0,-37.74,0.6324,0
Node C,2025-11-12 00:58:23.974254,0,0,0,0,0,0,-37.02,0.1796000000000001,0
Node C,2025-11-12 01:03:23.974254,0,0,0,0,0,0,-44.34,37.1044,0
Node C,2025-11-12 01:08:23.974254,0,0,0,0,0,0,-49.76,1.3824,0
Node C,2025-11-12 01:13:23.974254,0,0,0,0,0,0,-48.66,3.1843999999999992,0
Node C,2025-11-12 01:18:23.974254,0,0,0,0,0,0,-46.88,1.5855999999999995,0
Node C,2025-11-12 01:23:23.974254,0,0,0,0,0,0,-46.18,2.1075999999999997,0
Node C,2025-11-12 01:28:23.974254,0,0,0,0,0,0,-45.5,2.33,0
Node C,2025-11-12 01:33:23.974254,0,0,0,0,0,0,-46.3,5.209999999999999,0
Node C,2025-11-12 01:38:23.974254,0,0,0,0,0,0,-52.84,1.3344,0
Node C,2025-11-12 01:43:23.974254,0,0,0,0,0,0,-53.5,0.93,0
Node C,2025-11-12 01:48:23.974254,0,0,0,0,0,0,-48.7,3.13,0
Node C,2025-11-12 01:53:23.974254,0,0,0,0,0,0,-49.08,2.1935999999999996,0
Node C,2025-11-12 01:58:23.974254,0,0,0,0,0,0,-56.62,14.475600000000002,0
Node C,2025-11-12 02:03:23.974254,0,0,0,0,0,0,-58.82,2.4275999999999995,0
Node C,2025-11-12 02:08:23.974254,0,0,0,0,0,0,-61.16,3.3743999999999996,0
Node C,2025-11-12 02:13:23.974254,0,0,0,0,0,0,-61.72,2.0016000000000003,0
Node C,2025-11-12 02:18:23.974254,0,0,0,0,0,0,-59.28,6.8016,0
Node C,2025-11-12 02:23:23.974254,0,0,0,0,0,0,-57.08,0.7935999999999999,0
Node C,2025-11-12 02:28:23.974254,0,0,0,0,0,0,-56.4,3.48,0
Node C,2025-11-12 02:33:23.974254,0,0,0,0,0,0,-54.4,2.4,0
Node C,2025-11-12 02:38:23.974254,0,0,0,0,0,0,-52.78,22.7316,0
Node C,2025-11-12 02:43:23.974254,0,0,0,0,0,0,-53.44,17.846400000000003,0
Node C,2025-11-12 02:48:23.974254,0,0,0,0,0,0,-53.36,11.910400000000003,0
Node C,2025-11-12 02:53:23.974254,0,0,0,0,0,0,-48.0,0.0,0
Node C,2025-11-12 02:58:23.974254,0,0,0,0,0,0,-48.14,1.2804,0
Node C,2025-11-12 03:03:23.974254,0,0,0,0,0,0,-55.36,0.2704,0
Node C,2025-11-12 03:08:23.974254,0,0,0,0,0,0,-55.8,0.16,0
Node C,2025-11-12 03:13:23.974254,0,0,0,0,0,0,-63.6,12.04,0
Node C,2025-11-12 03:18:23.974254,0,0,0,0,0,0,-65.04,0.0384,0
Node C,2025-11-12 03:23:23.974254,0,0,0,0,0,0,-61.6,3.840000000000001,0
Node C,2025-11-12 03:28:23.974254,0,0,0,0,0,0,-60.68,0.2176,0
Node C,2025-11-12 03:33:23.974254,0,0,0,0,0,0,-54.7,20.73,0
Node C,2025-11-12 03:38:23.974254,0,0,0,0,0,0,-49.3,6.209999999999999,0
Node C,2025-11-12 03:43:23.974254,0,0,0,0,0,0,-62.14,73.8804,0
Node C,2025-11-12 03:48:23.974254,0,0,0,0,0,0,-67.44,0.7264,0
Node C,2025-11-12 03:53:23.974254,0,0,0,0,0,0,-59.2,50.52,0
Node C,2025-11-12 03:58:23.974254,0,0,0,0,0,0,-55.08,0.1536,0
Node C,2025-11-12 04:03:23.974254,0,0,0,0,0,0,-52.82,9.1076,0
Node C,2025-11-12 04:08:23.974254,0,0,0,0,0,0,-51.12,6.105599999999998,0
Node C,2025-11-12 04:13:23.974254,0,0,0,0,0,0,-62.06,179.65639999999996,0
Node C,2025-11-12 04:18:23.974254,0,0,0,0,0,0,-70.86,106.68039999999999,0
Node C,2025-11-12 04:23:23.974254,0,0,0,0,0,0,-76.74,77.91239999999999,0
Node C,2025-11-12 04:28:23.974254,0,0,0,0,0,0,-78.78,59.6516,0
Node C,2025-11-12 04:33:23.974254,0,0,0,0,0,0,-72.54,99.6884,0
Node C,2025-11-12 04:38:23.974254,0,0,0,0,0,0,-71.68,75.3376,0
Node C,2025-11-12 04:43:23.974254,0,0,0,0,0,0,-73.66,49.984399999999994,0
Node C,2025-11-12 04:48:23.974254,0,0,0,0,0,0,-75.78,45.7316,0
Node C,2025-11-12 04:53:23.974254,0,0,0,0,0,0,-78.62,47.1156,0
Node C,2025-11-12 04:58:23.974254,0,0,0,0,0,0,-83.22,64.5716,0
Node C,2025-11-12 05:03:23.974254,0,0,0,0,0,0,-73.92,74.39360000000002,0
Node C,2025-11-12 05:08:23.974254,0,0,0,0,0,0,-74.7,109.09,0
Node C,2025-11-12 05:13:23.974254,0,0,0,0,0,0,-77.32,57.617599999999996,0
Node C,2025-11-12 05:18:23.974254,0,0,0,0,0,0,-81.64,55.63039999999999,0
Node C,2025-11-12 05:23:23.974254,0,0,0,0,0,0,-72.4,83.6,0
Node C,2025-11-12 05:28:23.974254,0,0,0,0,0,0,-70.92,50.113600000000005,0
Node C,2025-11-12 05:33:23.974254,0,0,0,0,0,0,-75.5,62.73,0
Node C,2025-11-12 05:38:23.974254,0,0,0,0,0,0,-77.68,46.45759999999999,0
Node C,2025-11-12 05:43:23.974254,0,0,0,0,0,0,-41.14,445.0804,0
Node C,2025-11-12 05:48:23.974254,0,0,0,0,0,0,-28.8,0.19999999999999996,0
Node C,2025-11-12 05:53:23.974254,0,0,0,0,0,0,-26.02,4.6596,0
Node C,2025-11-12 05:58:23.974254,0,0,0,0,0,0,-24.68,0.2176,0
Node C,2025-11-12 06:03:23.974254,0,0,0,0,0,0,-24.68,0.2976,0
Node C,2025-11-12 06:08:23.974254,0,0,0,0,0,0,-25.06,0.0564,0
Node C,2025-11-12 06:13:23.974254,0,0,0,0,0,0,-27.02,8.499600000000001,0
Node C,2025-11-12 06:18:23.974254,0,0,0,0,0,0,-31.06,0.09639999999999997,0
Node C,2025-11-12 06:23:23.974254,0,0,0,0,0,0,-31.0,0.28,0
Node C,2025-11-12 06:28:23.974254,0,0,0,0,0,0,-30.5,0.29,0
Node C,2025-11-12 06:33:23.974254,0,0,0,0,0,0,-31.14,1.6803999999999997,0
Node C,2025-11-12 06:38:23.974254,0,0,0,0,0,0,-34.1,0.12999999999999998,0
Node C,2025-11-12 06:43:23.974254,0,0,0,0,0,0,-34.14,0.2804,0
Node C,2025-11-12 06:48:23.974254,0,0,0,0,0,0,-32.92,0.4736,0
Node C,2025-11-12 06:53:23.974254,0,0,0,0,0,0,-33.18,0.3076,0
Node C,2025-11-12 06:58:23.974254,0,0,0,0,0,0,-31.24,1.2624000000000002,0
Node C,2025-11-12 07:03:23.974254,0,0,0,0,0,0,-31.7,0.41,0
Node C,2025-11-12 07:08:23.974254,0,0,0,0,0,0,-36.02,13.459600000000002,0
Node C,2025-11-12 07:13:23.974254,0,0,0,0,0,0,-36.98,0.49959999999999993,0
Node C,2025-11-12 07:18:23.974254,0,0,0,0,0,0,-42.22,30.771600000000003,0
Node C,2025-11-12 07:23:23.974254,0,0,0,0,0,0,-46.54,1.9684,0
Node C,2025-11-12 07:28:23.974254,0,0,0,0,0,0,-44.34,6.2244,0
Node C,2025-11-12 07:33:23.974254,0,0,0,0,0,0,-42.66,1.3844,0
Node C,2025-11-12 07:38:23.974254,0,0,0,0,0,0,-44.28,6.241600000000001,0
Node C,2025-11-12 07:43:23.974254,0,0,0,0,0,0,-47.72,1.5216,0
Node C,2025-11-12 07:48:23.974254,0,0,0,0,0,0,-48.58,9.923599999999999,0
Node C,2025-11-12 07:53:23.974254,0,0,0,0,0,0,-58.18,3.2676,0
Node C,2025-11-12 07:58:23.974254,0,0,0,0,0,0,-58.32,1.5375999999999999,0
Node C,2025-11-12 08:03:23.974254,0,0,0,0,0,0,-53.44,1.1264,0
Node C,2025-11-12 08:08:23.974254,0,0,0,0,0,0,-53.88,1.7455999999999998,0
Node C,2025-11-12 08:13:23.974254,0,0,0,0,0,0,-53.36,2.5504000000000002,0
Node C,2025-11-12 08:18:23.974254,0,0,0,0,0,0,-53.86,1.6804000000000001,0
Node C,2025-11-12 08:23:23.974254,0,0,0,0,0,0,-58.6,10.76,0
Node C,2025-11-12 08:28:23.974254,0,0,0,0,0,0,-60.02,1.2196,0
Node C,2025-11-12 08:33:23.974254,0,0,0,0,0,0,-54.92,23.8736,0
Node C,2025-11-12 08:38:23.974254,0,0,0,0,0,0,-51.48,2.5296000000000003,0
Node C,2025-11-12 08:43:23.974254,0,0,0,0,0,0,-53.1,5.73,0
Node C,2025-11-12 08:48:23.974254,0,0,0,0,0,0,-56.04,1.9583999999999997,0
Node C,2025-11-12 08:53:23.974254,0,0,0,0,0,0,-53.4,25.04,0
Node C,2025-11-12 08:58:23.974254,0,0,0,0,0,0,-46.0,0.0,0
Node C,2025-11-12 09:03:23.974254,0,0,0,0,0,0,-45.46,1.3284,0
Node C,2025-11-12 09:08:23.974254,0,0,0,0,0,0,-43.0,0.0,0
Node C,2025-11-12 09:13:23.974254,0,0,0,0,0,0,-43.0,0.0,0
Node C,2025-11-12 09:18:23.974254,0,0,0,0,0,0,-43.96,0.0384,0
Node C,2025-11-12 09:23:23.974254,0,0,0,0,0,0,-44.0,0.0,0
Node C,2025-11-12 09:28:23.974254,0,0,0,0,0,0,-58.26,22.7124,0
Node C,2025-11-12 09:33:23.974254,0,0,0,0,0,0,-59.9,0.09,0
Node C,2025-11-12 09:38:23.974254,0,0,0,0,0,0,-56.42,4.2036,0
Node C,2025-11-12 09:43:23.974254,0,0,0,0,0,0,-55.76,0.1824,0
Node C,2025-11-12 09:48:23.974254,0,0,0,0,0,0,-56.74,0.2724,0
Node C,2025-11-12 09:53:23.974254,0,0,0,0,0,0,-57.1,0.09,0
Node C,2025-11-12 09:58:23.974254,0,0,0,0,0,0,-59.26,6.672399999999999,0
Node C,2025-11-12 10:03:23.974254,0,0,0,0,0,0,-64.06,1.2564000000000002,0
Node C,2025-11-12 10:08:23.974254,0,0,0,0,0,0,-63.14,2.6004,0
Node C,2025-11-12 10:13:23.974254,0,0,0,0,0,0,-59.32,0.4176,0
Node C,2025-11-12 10:18:23.974254,0,0,0,0,0,0,-59.38,0.35559999999999997,0
Node C,2025-11-12 10:23:23.974254,0,0,0,0,0,0,-63.16,4.974399999999998,0
Node C,2025-11-12 10:28:23.974254,0,0,0,0,0,0,-63.82,0.1876,0
Node B,2025-11-12 10:33:23.974254,0,0,0,0,0,0,-53.06,53.61640000000001,0
Node B,2025-11-12 10:38:23.974254,0,0,0,0,0,0,-54.36,64.43039999999999,0
Node B,2025-11-12 10:43:23.974254,0,0,0,0,0,0,-57.58,59.723600000000005,0
Node B,2025-11-12 10:48:23.974254,0,0,0,0,0,0,-58.6,67.52,0
Node B,2025-11-12 10:53:23.974254,0,0,0,0,0,0,-59.46,49.568400000000004,0
Node B,2025-11-12 10:58:23.974254,0,0,0,0,0,0,-60.96,59.638400000000004,0
Node B,2025-11-12 11:03:23.974254,0,0,0,0,0,0,-68.96,59.798399999999994,0
Node B,2025-11-12 11:08:23.974254,0,0,0,0,0,0,-68.66,53.0644,0
Node B,2025-11-12 11:13:23.974254,0,0,0,0,0,0,-73.2,50.0,0
Node B,2025-11-12 11:18:23.974254,0,0,0,0,0,0,-73.06,58.45640000000001,0
Node B,2025-11-12 11:23:23.974254,0,0,0,0,0,0,-73.7,91.33,0
Node B,2025-11-12 11:28:23.974254,0,0,0,0,0,0,-72.98,56.8196,0
Node B,2025-11-12 11:33:23.974254,0,0,0,0,0,0,-72.92,55.033600000000014,0
Node B,2025-11-12 11:38:23.974254,0,0,0,0,0,0,-71.48,60.0496,0
Node B,2025-11-12 11:43:23.974254,0,0,0,0,0,0,-70.4,47.12,0
Node B,2025-11-12 11:48:23.974254,0,0,0,0,0,0,-70.4,53.96,0
Node B,2025-11-12 11:53:23.974254,0,0,0,0,0,0,-67.72,64.48159999999999,0
Node B,2025-11-12 11:58:23.974254,0,0,0,0,0,0,-55.04,499.55840000000006,0
Node B,2025-11-12 12:03:23.974254,0,0,0,0,0,0,-24.04,0.15839999999999996,0
Node B,2025-11-12 12:08:23.974254,0,0,0,0,0,0,-25.32,8.4176,0
Node B,2025-11-12 12:13:23.974254,0,0,0,0,0,0,-31.06,0.0564,0
Node B,2025-11-12 12:18:23.974254,0,0,0,0,0,0,-31.18,0.1476,0
Node B,2025-11-12 12:23:23.974254,0,0,0,0,0,0,-30.68,0.2176,0
Node B,2025-11-12 12:28:23.974254,0,0,0,0,0,0,-30.9,0.16999999999999993,0
Node B,2025-11-12 12:33:23.974254,0,0,0,0,0,0,-26.6,2.3600000000000008,0
Node B,2025-11-12 12:38:23.974254,0,0,0,0,0,0,-26.48,0.24960000000000002,0
Node B,2025-11-12 12:43:23.974254,0,0,0,0,0,0,-31.88,9.945599999999999,0
Node B,2025-11-12 12:48:23.974254,0,0,0,0,0,0,-33.6,0.23999999999999996,0
Node B,2025-11-12 12:53:23.974254,0,0,0,0,0,0,-30.7,5.33,0
Node B,2025-11-12 12:58:23.974254,0,0,0,0,0,0,-28.98,0.2596,0
Node B,2025-11-12 13:03:23.974254,0,0,0,0,0,0,-32.66,14.544399999999996,0
Node B,2025-11-12 13:08:23.974254,0,0,0,0,0,0,-36.88,0.10559999999999999,0
Node B,2025-11-12 13:13:23.974254,0,0,0,0,0,0,-36.82,0.1476,0
Node B,2025-11-12 13:18:23.974254,0,0,0,0,0,0,-35.96,0.3183999999999999,0
Node B,2025-11-12 13:23:23.974254,0,0,0,0,0,0,-35.84,0.45439999999999997,0
Node B,2025-11-12 13:28:23.974254,0,0,0,0,0,0,-35.34,0.2244,0
Node B,2025-11-12 13:33:23.974254,0,0,0,0,0,0,-35.44,0.8464,0
Node B,2025-11-12 13:38:23.974254,0,0,0,0,0,0,-39.18,1.0676,0
Node B,2025-11-12 13:43:23.974254,0,0,0,0,0,0,-38.92,0.9935999999999998,0
Node B,2025-11-12 13:48:23.974254,0,0,0,0,0,0,-44.22,5.131600000000001,0
Node B,2025-11-12 13:53:23.974254,0,0,0,0,0,0,-44.82,2.0275999999999996,0
Node B,2025-11-12 13:58:23.974254,0,0,0,0,0,0,-42.12,4.4656,0
Node B,2025-11-12 14:03:23.974254,0,0,0,0,0,0,-41.46,1.4884,0
Node B,2025-11-12 14:08:23.974254,0,0,0,0,0,0,-51.74,78.5924,0
Node B,2025-11-12 14:13:23.974254,0,0,0,0,0,0,-58.84,0.8543999999999999,0
Node B,2025-11-12 14:18:23.974254,0,0,0,0,0,0,-56.26,9.2724,0
Node B,2025-11-12 14:23:23.974254,0,0,0,0,0,0,-53.04,2.3583999999999996,0
Node B,2025-11-12 14:28:23.974254,0,0,0,0,0,0,-53.5,3.41,0
Node B,2025-11-12 14:33:23.974254,0,0,0,0,0,0,-53.4,1.6,0
Node B,2025-11-12 14:38:23.974254,0,0,0,0,0,0,-54.2,1.72,0
Node B,2025-11-12 14:43:23.974254,0,0,0,0,0,0,-55.26,2.2723999999999998,0
Node B,2025-11-12 14:48:23.974254,0,0,0,0,0,0,-55.22,2.2916,0
Node B,2025-11-12 14:53:23.974254,0,0,0,0,0,0,-51.02,1.6596000000000002,0
Node B,2025-11-12 14:58:23.974254,0,0,0,0,0,0,-51.2,1.68,0
Node B,2025-11-12 15:03:23.974254,0,0,0,0,0,0,-53.02,3.0995999999999997,0
Node B,2025-11-12 15:08:23.974254,0,0,0,0,0,0,-53.26,2.1123999999999996,0
Node B,2025-11-12 15:13:23.974254,0,0,0,0,0,0,-44.56,20.606400000000004,0
Node B,2025-11-12 15:18:23.974254,0,0,0,0,0,0,-42.04,0.0384,0
Node B,2025-11-12 15:23:23.974254,0,0,0,0,0,0,-46.6,24.480000000000004,0
Node B,2025-11-12 15:28:23.974254,0,0,0,0,0,0,-52.0,0.0,0
Node B,2025-11-12 15:33:23.974254,0,0,0,0,0,0,-48.16,31.334399999999995,0
Node B,2025-11-12 15:38:23.974254,0,0,0,0,0,0,-40.0,0.0,0
Node B,2025-11-12 15:43:23.974254,0,0,0,0,0,0,-41.52,10.569600000000001,0
Node B,2025-11-12 15:48:23.974254,0,0,0,0,0,0,-48.36,0.2304,0
Node B,2025-11-12 15:53:23.974254,0,0,0,0,0,0,-48.44,2.4863999999999997,0
Node B,2025-11-12 15:58:23.974254,0,0,0,0,0,0,-55.98,0.01960000000000001,0
Node B,2025-11-12 16:03:23.974254,0,0,0,0,0,0,-55.92,0.0736,0
Node B,2025-11-12 16:08:23.974254,0,0,0,0,0,0,-49.24,21.1024,0
Node B,2025-11-12 16:13:23.974254,0,0,0,0,0,0,-56.68,33.497600000000006,0
Node B,2025-11-12 16:18:23.974254,0,0,0,0,0,0,-60.06,0.1364,0
Node B,2025-11-12 16:23:23.974254,0,0,0,0,0,0,-60.2,1.68,0
Node B,2025-11-12 16:28:23.974254,0,0,0,0,0,0,-58.32,0.2176,0
Node B,2025-11-12 16:33:23.974254,0,0,0,0,0,0,-58.7,0.33,0
Node B,2025-11-12 16:38:23.974254,0,0,0,0,0,0,-62.66,0.7444,0
Node B,2025-11-12 16:43:23.974254,0,0,0,0,0,0,-62.82,0.22759999999999997,0
Node B,2025-11-12 16:48:23.974254,0,0,0,0,0,0,-67.52,74.0896,0
Node B,2025-11-12 16:53:23.974254,0,0,0,0,0,0,-69.44,57.686400000000006,0
Node B,2025-11-12 16:58:23.974254,0,0,0,0,0,0,-65.38,102.03559999999999,0
Node B,2025-11-12 17:03:23.974254,0,0,0,0,0,0,-62.66,64.58440000000002,0
Node B,2025-11-12 17:08:23.974254,0,0,0,0,0,0,-66.0,86.2,0
Node B,2025-11-12 17:13:23.974254,0,0,0,0,0,0,-68.66,74.3844,0
Node B,2025-11-12 17:18:23.974254,0,0,0,0,0,0,-70.2,90.76,0
Node B,2025-11-12 17:23:23.974254,0,0,0,0,0,0,-72.24,81.7824,0
Node B,2025-11-12 17:28:23.974254,0,0,0,0,0,0,-70.4,50.92000000000001,0
Node B,2025-11-12 17:33:23.974254,0,0,0,0,0,0,-72.02,55.93959999999999,0
Node B,2025-11-12 17:38:23.974254,0,0,0,0,0,0,-70.84,50.01439999999999,0
Node B,2025-11-12 17:43:23.974254,0,0,0,0,0,0,-70.5,52.61,0
Node B,2025-11-12 17:48:23.974254,0,0,0,0,0,0,-68.78,46.8916,0
Node B,2025-11-12 17:53:23.974254,0,0,0,0,0,0,-69.96,64.83840000000001,0
Node B,2025-11-12 17:58:23.974254,0,0,0,0,0,0,-70.72,42.9616,0
Node B,2025-11-12 18:03:23.974254,0,0,0,0,0,0,-72.2,55.400000000000006,0
Node B,2025-11-12 18:08:23.974254,0,0,0,0,0,0,-71.78,45.7316,0
Node B,2025-11-12 18:13:23.974254,0,0,0,0,0,0,-72.14,33.3204,0
Node B,2025-11-12 18:18:23.974254,0,0,0,0,0,0,-37.2,464.52000000000015,0
Node B,2025-11-12 18:23:23.974254,0,0,0,0,0,0,-23.74,0.2324,0
Node B,2025-11-12 18:28:23.974254,0,0,0,0,0,0,-27.68,13.1776,0
Node B,2025-11-12 18:33:23.974254,0,0,0,0,0,0,-30.44,0.2464,0
Node B,2025-11-12 18:38:23.974254,0,0,0,0,0,0,-27.9,10.409999999999998,0
Node B,2025-11-12 18:43:23.974254,0,0,0,0,0,0,-24.1,0.16999999999999993,0
Node B,2025-11-12 18:48:23.974254,0,0,0,0,0,0,-25.84,7.854400000000002,0
Node B,2025-11-12 18:53:23.974254,0,0,0,0,0,0,-30.32,0.2576,0
Node B,2025-11-12 18:58:23.974254,0,0,0,0,0,0,-30.56,0.28640000000000004,0
Node B,2025-11-12 19:03:23.974254,0,0,0,0,0,0,-30.84,0.13440000000000002,0
Node B,2025-11-12 19:08:23.974254,0,0,0,0,0,0,-31.12,0.4656,0
Node B,2025-11-12 19:13:23.974254,0,0,0,0,0,0,-33.0,0.0,0
Node B,2025-11-12 19:18:23.974254,0,0,0,0,0,0,-33.16,0.13440000000000002,0
Node B,2025-11-12 19:23:23.974254,0,0,0,0,0,0,-31.14,1.0404,0
Node B,2025-11-12 19:28:23.974254,0,0,0,0,0,0,-31.36,0.4303999999999999,0
Node B,2025-11-12 19:33:23.974254,0,0,0,0,0,0,-32.28,0.9216,0
Node B,2025-11-12 19:38:23.974254,0,0,0,0,0,0,-31.62,0.4756,0
Node B,2025-11-12 19:43:23.974254,0,0,0,0,0,0,-31.66,0.3444,0
Node B,2025-11-12 19:48:23.974254,0,0,0,0,0,0,-31.72,0.2816,0
Node B,2025-11-12 19:53:23.974254,0,0,0,0,0,0,-37.38,25.3156,0
Node B,2025-11-12 19:58:23.974254,0,0,0,0,0,0,-41.32,1.6976,0
Node B,2025-11-12 20:03:23.974254,0,0,0,0,0,0,-39.98,3.0995999999999997,0
Node B,2025-11-12 20:08:23.974254,0,0,0,0,0,0,-38.74,1.2323999999999997,0
Node B,2025-11-12 20:13:23.974254,0,0,0,0,0,0,-41.52,14.0896,0
Node B,2025-11-12 20:18:23.974254,0,0,0,0,0,0,-46.74,1.9524,0
Node B,2025-11-12 20:23:23.974254,0,0,0,0,0,0,-47.0,8.2,0
Node B,2025-11-12 20:28:23.974254,0,0,0,0,0,0,-52.04,2.5984,0
Node B,2025-11-12 20:33:23.974254,0,0,0,0,0,0,-51.9,1.21,0
Node B,2025-11-12 20:38:23.974254,0,0,0,0,0,0,-55.82,2.1475999999999997,0
Node B,2025-11-12 20:43:23.974254,0,0,0,0,0,0,-55.72,1.7616000000000003,0
Node B,2025-11-12 20:48:23.974254,0,0,0,0,0,0,-55.06,1.7364000000000004,0
Node B,2025-11-12 20:53:23.974254,0,0,0,0,0,0,-55.02,2.6996,0
Node B,2025-11-12 20:58:23.974254,0,0,0,0,0,0,-53.7,2.0500000000000003,0
Node B,2025-11-12 21:03:23.974254,0,0,0,0,0,0,-53.36,0.9504,0
Node B,2025-11-12 21:08:23.974254,0,0,0,0,0,0,-54.3,1.81,0
Node B,2025-11-12 21:13:23.974254,0,0,0,0,0,0,-54.16,1.8544,0
Node B,2025-11-12 21:18:23.974254,0,0,0,0,0,0,-53.74,3.3924000000000003,0
Node B,2025-11-12 21:23:23.974254,0,0,0,0,0,0,-52.6,1.6,0
Node B,2025-11-12 21:28:23.974254,0,0,0,0,0,0,-48.8,33.400000000000006,0
Node B,2025-11-12 21:33:23.974254,0,0,0,0,0,0,-40.72,0.20160000000000003,0
Node B,2025-11-12 21:38:23.974254,0,0,0,0,0,0,-42.2,10.32,0
Node B,2025-11-12 21:43:23.974254,0,0,0,0,0,0,-49.0,0.0,0
Node B,2025-11-12 21:48:23.974254,0,0,0,0,0,0,-48.96,0.0384,0
Node B,2025-11-12 21:53:23.974254,0,0,0,0,0,0,-48.0,0.0,0
Node B,2025-11-12 21:58:23.974254,0,0,0,0,0,0,-48.0,0.0,0
Node B,2025-11-12 22:03:23.974254,0,0,0,0,0,0,-58.06,8.856400000000002,0
Node B,2025-11-12 22:08:23.974254,0,0,0,0,0,0,-59.0,0.0,0
Node B,2025-11-12 22:13:23.974254,0,0,0,0,0,0,-56.68,1.5375999999999999,0
Node B,2025-11-12 22:18:23.974254,0,0,0,0,0,0,-55.98,0.01960000000000001,0
Node B,2025-11-12 22:23:23.974254,0,0,0,0,0,0,-57.14,1.4003999999999999,0
Node B,2025-11-12 22:28:23.974254,0,0,0,0,0,0,-58.06,0.056400000000000006,0
Node B,2025-11-12 22:33:23.974254,0,0,0,0,0,0,-58.42,0.3636,0
Node B,2025-11-12 22:38:23.974254,0,0,0,0,0,0,-58.78,0.6516000000000001,0
Node B,2025-11-12 22:43:23.974254,0,0,0,0,0,0,-58.74,1.5923999999999998,0
Node B,2025-11-12 22:48:23.974254,0,0,0,0,0,0,-57.4,3.44,0
Node B,2025-11-12 22:53:23.974254,0,0,0,0,0,0,-59.46,4.888400000000001,0
Node B,2025-11-12 22:58:23.974254,0,0,0,0,0,0,-60.84,1.4143999999999999,0
